x,y,class
5.448141005037902,-2.5194619852636393,1.0
4.970711759915211,3.7314812802056063,1.0
-4.364883417116552,-0.12346783011304774,1.0
-3.4933719715902956,-6.109174958882834,1.0
-5.555854118412629,-0.9045711908834235,1.0
-2.072417181833326,-4.666400613942599,1.0
-4.1971319995061895,-1.0575987500079724,1.0
-2.4179114078147244,-4.006068168751463,1.0
4.79494423392514,-1.61808179094165,1.0
-2.510067925827872,-4.770222026308754,1.0
0.7309196532308931,4.759050733897026,1.0
3.1785209057442456,3.472062391365321,1.0
0.6657146287084961,-4.287395425548621,1.0
-2.490198362248336,5.37905540790359,1.0
-0.9024934631111119,-3.3279824085577623,1.0
3.949773045079013,2.19052981561837,1.0
3.3897312414604124,2.787679821894042,1.0
1.4111929499444165,-3.4839820043071956,1.0
0.5394121770184407,5.802724545934561,1.0
4.203574382301755,4.483874312315762,1.0
-2.6426753256313873,4.475274087536802,1.0
4.100649868310085,-2.220806610539384,1.0
-5.155093733288213,2.145389912740236,1.0
-0.5512250383538585,-4.529728464689497,1.0
4.930549155172882,-1.3227029800315655,1.0
-4.964740400060704,0.014015418557375314,1.0
3.348256119961962,-1.1940087951760092,1.0
-2.002537048701118,-3.6584206255304688,1.0
-4.9865609612546375,2.260401225058743,1.0
-4.856471605209723,-4.564420669735108,1.0
-2.882954709968796,3.6766856296863346,1.0
2.0228941478377687,-1.8673993504172155,1.0
2.702487938081234,-1.8329683227115496,1.0
2.753187145009278,5.315637501181466,1.0
-3.1898652755726267,4.472907849253246,1.0
-3.3225763494307703,3.8668862126933816,1.0
-0.2711338117065367,4.414433218420673,1.0
5.040741477995731,-0.9282305084793052,1.0
1.054709164321682,-3.202819412006284,1.0
-5.6696845881979865,3.1422666216509523,1.0
-2.864937148689936,0.6370705185021978,1.0
5.46253583692404,-4.121594133399707,1.0
1.4122254665567981,-6.130713219908225,1.0
-1.562423125534538,-5.005640720818581,1.0
0.2545895464102559,-3.6827725661258084,1.0
-1.6486955095097615,-5.351835835824006,1.0
0.08842460049317298,-4.354631573519334,1.0
-3.1123179413163276,-5.142382707108846,1.0
3.626166558007423,-2.8444150935525006,1.0
4.221162306169462,-0.5433829330187756,1.0
-2.9661494710260823,4.9862880446698465,1.0
0.5916969236090721,-5.5664530979716424,1.0
-4.874853737647038,1.1648854204713768,1.0
-3.522359603608149,-2.113201903350262,1.0
3.2737708303221447,2.5094252421669236,1.0
5.158883498731542,1.6927519153530708,1.0
4.601623862240299,3.769828958397429,1.0
-4.843561587917343,-2.3516553488231677,1.0
-2.856967864774895,5.850215476268855,1.0
-3.030697598802164,4.307845526654469,1.0
-1.8281555026699707,-5.28365782654623,1.0
1.1248026782183493,-4.013518310395318,1.0
-4.314025165019263,0.7349960849993721,1.0
5.642284659783575,-0.8177454779312989,1.0
-5.708010438098046,1.3239952078977109,1.0
-3.786043778031319,3.0450185979971347,1.0
4.270216357173036,1.2049248592994493,1.0
-3.7373716435019424,2.166976008087729,1.0
3.9103874488753227,0.9818300638100266,1.0
-5.225331879353938,0.6637442519795067,1.0
2.8280549137166804,3.063863199789391,1.0
-1.3563925868157267,4.067760694772762,1.0
-3.8437924102153125,-3.393576526824404,1.0
1.7153055983606837,4.385009246121534,1.0
-0.502510045514867,5.2116893516789675,1.0
-3.1221170352393637,-4.4075708209907205,1.0
-3.749945780997817,0.6008397678582613,1.0
3.953453745909489,2.8830961423121395,1.0
-0.24982610326165486,5.487863260170558,1.0
5.406763325654908,-2.327803090702072,1.0
-1.060646042088136,-3.1885616848070866,1.0
-3.8575847720115735,-3.4636455455562447,1.0
3.2692801993147858,2.6164781997537796,1.0
-2.5322065365297037,-3.5843779206836346,1.0
5.9888421250263955,-0.8974852377083533,1.0
-3.5582515878579732,-5.5226953476015295,1.0
-6.311110303699822,0.5609818330623202,1.0
-3.09783820171721,4.7540403887962235,1.0
-1.7479893785633056,4.70266024744732,1.0
-2.897694521857781,-2.541489134685351,1.0
-3.0991357896168656,-4.576729410637671,1.0
1.6072885696368087,-2.0038123893900375,1.0
-4.072659166207024,-4.657595501108433,1.0
5.6082554122309345,5.796353881826611,1.0
0.30489080334459806,-6.716085958685786,1.0
5.567561888199169,0.7987925526028803,1.0
4.855276734669639,-1.2674050851920045,1.0
3.8877525272847753,2.4636245991722854,1.0
2.139812506610038,-4.9361409678817,1.0
3.319914095823738,4.089011421784248,1.0
-2.1381752834626884,-3.119806991007051,1.0
3.839926563347281,4.3448486469193845,1.0
-2.2096899070584604,-4.2640581057564475,1.0
-5.870307285358555,-0.864073046220184,1.0
6.650873687886733,-1.8447969022199318,1.0
-1.6114030631323955,4.197714005863743,1.0
-2.858500758193876,4.473331778252655,1.0
-3.746861512608706,3.8067250852415238,1.0
5.793195133042299,0.6051768847362862,1.0
-4.241219944069959,1.8158703912315672,1.0
-2.3118278817846027,2.03475575183692,1.0
5.752220098439943,-4.021345614740328,1.0
-0.24166166158691121,5.063293691903067,1.0
-5.183796334699283,-1.3302055778139643,1.0
-4.442404900336092,0.6846679069913468,1.0
-4.218434301606312,2.195025587307494,1.0
1.2206285600739266,-7.224203233379498,1.0
-5.050368309244083,-2.5792590450279222,1.0
-3.617058035000089,0.3633745603369678,1.0
4.1598261389124565,1.6415833376493096,1.0
4.712598488916095,0.622696126984664,1.0
2.189854316376475,3.0565542110210746,1.0
-4.057760622696051,-1.760355376558466,1.0
-3.936025681829969,1.021330704331942,1.0
-0.620498331247066,5.1543382151838175,1.0
-0.6712162176029817,-5.891198793803656,1.0
1.8459605508955783,5.139232883333554,1.0
1.0492777586066029,3.6028853035751243,1.0
-5.452157105710867,0.6116758168976185,1.0
0.8082494202061741,3.880496853013192,1.0
3.0633371064570745,4.822322588489898,1.0
-5.000613655125094,3.2166861681624783,1.0
6.356692004720511,0.95537338058113,1.0
-0.4119235534773915,5.404901316199422,1.0
3.3492759365805993,4.493656140774658,1.0
2.385466810943666,-2.8406815905362737,1.0
5.399910085563712,-2.1779737730405158,1.0
-0.1343152157353366,-3.414489124680728,1.0
4.3577234171508525,2.3567987727502264,1.0
-4.800025913928945,0.6792877085629034,1.0
0.9078781053399506,-3.769747152107582,1.0
-0.9822001884123834,-5.640188498098631,1.0
1.7200334411272455,5.241337408863576,1.0
-3.475615679114445,3.823142102793515,1.0
-3.3112740564492396,4.793000374129326,1.0
5.388088113051999,1.910231503283382,1.0
-3.2438577124578507,3.224644492940782,1.0
-4.82577788399745,-0.9200983903456932,1.0
-0.45834428930175186,-2.9422114963431207,1.0
-4.691700011597888,-5.80542829407688,1.0
-4.150153051669578,-1.5080439843841726,1.0
3.640209806468406,2.9310483599182233,1.0
5.78650019118981,-0.19457583508155393,1.0
-6.990272987876919,0.6541396880558077,1.0
1.7718591729632651,3.780390404491398,1.0
0.2053714439328225,6.710249564616393,1.0
-0.44357406412226064,4.033543681026927,1.0
-4.075506173247276,-1.3352017471802784,1.0
1.108177393339118,-3.9294377079380465,1.0
-4.077180990069953,1.1122165516979288,1.0
-4.6355291497570885,-4.776786287678816,1.0
3.2346049398120176,-4.2759600324958305,1.0
-3.1336694038703414,2.880935153278291,1.0
4.474252180071505,-3.312187302937339,1.0
4.1022808563277975,-4.553866465090384,1.0
3.6360225209060526,4.477450225843655,1.0
-4.333828068981289,-2.779900659514547,1.0
-0.9413511604372354,-3.2364290533687288,1.0
-4.6251059815374,0.0076864139906296786,1.0
-5.509403370717883,-1.4675552304134378,1.0
-6.36780260628939,-1.436461749757846,1.0
1.8932749814223877,-5.799453582833996,1.0
-5.328769719348534,-0.7065754474668532,1.0
-4.07740801626269,2.8660186678226482,1.0
3.767268586384972,4.710551661034059,1.0
3.1174713019665967,3.1944142643143687,1.0
1.7902475554494524,5.1114270503846795,1.0
3.9265894002995037,-4.240357049376996,1.0
-0.6943588146343205,4.666107240523506,1.0
-6.332538943671657,-0.44491443512283385,1.0
4.0528195243862015,0.7489664504344311,1.0
-3.7789905706320606,-3.7556212761900567,1.0
2.5738611663453668,-4.095999713347721,1.0
2.152366667069998,4.743214046501632,1.0
-0.13995132061719875,4.27111935804095,1.0
-1.7777401084095188,5.082424769399718,1.0
4.085982075063872,0.017356397839132082,1.0
1.2512264625235636,-2.6816215427777883,1.0
-6.479597434105737,3.107899565110979,1.0
2.1907550804823255,4.0003825023419814,1.0
-5.3813263524273305,1.3133407536715922,1.0
-3.713845514146108,2.9102992235562666,1.0
4.714241053514303,2.063716447541341,1.0
5.705698893993516,0.371032040889896,1.0
1.5995139948924888,4.600869283901899,1.0
4.9129540449137945,1.5110033715575202,1.0
-1.559594734109039,-4.8950071809503655,1.0
1.9476250989774817,5.487568511048275,1.0
5.052862455675602,-0.11896379857871822,1.0
-1.6604151797198297,-3.4502781549859445,1.0
-0.019743798088396672,3.191465127548247,1.0
-0.5404332462141108,5.039603705825429,1.0
-5.170297875030877,0.8944278852180586,1.0
1.0840968738454446,-5.389684168306991,1.0
2.9958526343047196,3.390507192064184,1.0
-2.602109772411022,5.167947462020561,1.0
1.2867793253850688,-5.3850810265342774,1.0
5.618247347155127,2.4558903009996365,1.0
5.1047295278801466,3.682671966311846,1.0
-0.30008339674421547,-7.017657210745416,1.0
-4.259283354105537,-2.1029403872427315,1.0
5.911801044685558,-1.5398590273616612,1.0
3.3734320988003113,-3.41642585323722,1.0
4.220694572888416,-4.284399189401506,1.0
0.07765236257073177,2.5547123722095573,1.0
2.2094081331177824,-4.988588228082765,1.0
4.027855750193915,1.7188873496137425,1.0
3.074312126056325,-4.733079018774544,1.0
0.011637073428739451,-4.7775784645895145,1.0
-3.7028715985531395,2.38298531167808,1.0
-0.8769583638010543,-3.2556303462068934,1.0
0.302645972841521,8.307088371732442,1.0
1.7545720484335876,4.305849563946457,1.0
-3.5177518021428673,1.4145280331724575,1.0
-2.4056577336447162,2.153931682011398,1.0
-2.6357205691297563,4.872871554388267,1.0
3.1605351200651772,-2.7857374109694013,1.0
0.8296305908384626,-4.163309412729816,1.0
5.274760575082382,-2.4394069412216934,1.0
-0.33344531721135506,5.377437478053301,1.0
-5.604410733980405,-2.438122772411297,1.0
0.47296667346319915,-5.682260979336697,1.0
0.6859091935321874,-4.012744538770412,1.0
3.0293154553633186,4.571311107571771,1.0
3.41150053849879,-3.85217953355942,1.0
4.388089481419689,2.719443697506257,1.0
3.8485615637736807,-4.7985487642343365,1.0
0.6367263183410701,4.3870122706576495,1.0
-3.1372294192388734,-1.885195156346509,1.0
-7.0447045471285,0.6545404842561054,1.0
-2.6474828325771935,-4.827037725900279,1.0
3.4617760770961623,-0.6577310645118218,1.0
1.5006123187720897,-4.757169312062222,1.0
-5.321694897368266,0.16170139600403394,1.0
-0.8846092963258148,3.7228751297609697,1.0
-0.3487102271267154,-4.91374942450422,1.0
-4.090892688531603,2.523166247081721,1.0
4.015274964295107,-2.3155248225607825,1.0
4.242310533964361,2.072664092594855,1.0
-4.532753605539712,0.01575956644962534,1.0
3.7356881351982296,-1.5745934066993423,1.0
5.131648462872924,4.44973698791199,1.0
-0.20092227038101756,-4.266341821786005,1.0
-3.7166929245508213,-4.53001929848641,1.0
1.127608751128404,-4.4144309380838,1.0
1.7890850405786785,-4.621629408836552,1.0
-4.636756680625055,-0.41683924248793913,1.0
0.96535757011571,-4.215568616118478,1.0
-4.422389518030868,-1.2183146090207846,1.0
-3.889035042133425,5.083418930725628,1.0
-0.7212413560279489,-5.360538523372783,1.0
4.018449587556686,1.5461263717288227,1.0
0.011275078305272447,-4.915097349997637,1.0
2.1909355973196054,-3.50253742738236,1.0
-2.4855963014349602,-1.1711483904314373,1.0
3.6908299195859753,7.252201947351065,1.0
4.684430895070115,1.1716172320883538,1.0
-4.001199744352108,-1.4610628862950206,1.0
3.167679531686943,4.240815898603604,1.0
-1.3449615058545896,4.487315251024926,1.0
-5.016247184097108,2.051826931785015,1.0
4.0714490610341425,4.664289392234922,1.0
0.5729331905465636,5.039909699074146,1.0
3.8029480396974025,4.375331324530825,1.0
-0.3680069753316006,-3.2384180579155792,1.0
-2.7420341236952956,4.275052476034271,1.0
-0.03091697693985676,5.30788318647236,1.0
1.3692932448414559,-5.320025129044223,1.0
-3.4836401904047127,5.5896827468557415,1.0
-4.905763994551686,-1.1059647740069347,1.0
-5.0172719712954565,-2.6396568226800357,1.0
-5.024880661375246,-0.6133716425886805,1.0
3.8395151288259415,-4.630304035306912,1.0
4.318905057624947,2.7378040787217266,1.0
-0.22024261526542516,-5.05197436807946,1.0
4.990154618135514,2.185801605537093,1.0
4.226961560138001,-2.7658638911759432,1.0
-4.179406341345732,2.471913473055723,1.0
-4.1574007989009205,0.5143167872044149,1.0
-4.721103671774176,-3.134261954749884,1.0
4.928815701263666,0.7333963468486321,1.0
-4.635349435348064,0.7385134158156165,1.0
4.267764980328427,1.7091624870385118,1.0
0.8398729190592598,4.945152319125849,1.0
3.5028818057745323,-0.0034461152463444097,1.0
2.4943180490041046,-4.44577163518803,1.0
-0.3522067858074218,-5.570600145450207,1.0
-4.527842035722862,2.3184126814839257,1.0
-1.6234589916101605,6.174250058867112,1.0
-3.049095124149175,-4.804407016980581,1.0
3.172035954346871,3.8771963859010494,1.0
-2.0852561285085067,3.0473616717858887,1.0
-2.1453524613166373,-4.693879268427048,1.0
2.7024375916072083,3.609641201538028,1.0
-2.239026246255629,5.159134347658944,1.0
3.762540450199999,2.717021182443423,1.0
6.0252708690170005,-3.2639159052917033,1.0
-3.2916118706106747,5.022812430102255,1.0
-5.725161996966162,2.3867874329965657,1.0
-1.6113005685985577,-4.296115933819116,1.0
-5.065480953920597,0.20967435928637482,1.0
3.2665541064564922,5.627462246956265,1.0
-2.5855041293695935,-5.274447574507338,1.0
2.551753627075027,-2.747866890099083,1.0
1.0687277847649277,-4.172550677542504,1.0
-3.3603137647659773,-4.710977699057059,1.0
-5.708710871957866,1.4324422824726772,1.0
-3.0398185435880647,3.6608377694937886,1.0
-2.691722723154497,2.3087159603708,1.0
-5.7037846715997755,-2.2636058031299506,1.0
-5.129698436682091,-2.1047759473482834,1.0
-5.552602370673831,2.5628950194442632,1.0
3.8115634988228453,3.3326530881256824,1.0
4.55873266743248,-0.7609458595655141,1.0
3.68313506164329,0.9931835456888466,1.0
-4.315196422494999,-1.0726257644350359,1.0
2.1946339687699425,-4.353683012061482,1.0
-5.440528573120909,-1.1314881316061205,1.0
-2.1988540566496875,-3.117577395950884,1.0
1.904161676347508,-5.248001900981668,1.0
-2.2432091708856228,-5.382895726448774,1.0
-5.231500564208303,1.1161246637283324,1.0
-3.4006191069995566,-6.436437027205889,1.0
0.6179470225091419,5.294395457219298,1.0
-3.9905910569370855,0.07506868407024775,1.0
-3.337113406143411,-4.839896036496937,1.0
-4.924759111812098,-4.469808486491076,1.0
-2.1283806627603155,-4.195013421811858,1.0
-4.169041109463265,-2.992859894573126,1.0
-0.24932101117029595,3.495690208925065,1.0
0.6909807044521354,-4.8950922906170025,1.0
-4.09724687488347,2.1219021278972243,1.0
-3.4092926740668372,4.211716194662559,1.0
-4.57831153542069,-0.8844210255118754,1.0
-5.698534673159569,-0.1348669290525776,1.0
0.37881509095763405,-4.015871467922026,1.0
1.7640760007881482,3.414972169749424,1.0
3.438406813630075,-3.983770092033476,1.0
-4.455116168904427,-1.162635879894375,1.0
0.23507517782308016,-2.5468272133426657,1.0
-2.8278990440229315,-4.176609722119478,1.0
4.417627334620064,0.574079550916323,1.0
2.7052013649731688,4.30873546297919,1.0
3.704969353429494,-4.079543711717599,1.0
4.995888884682808,-0.5084194419817007,1.0
2.8438953490205514,-3.8034392342692227,1.0
1.8290866166749524,5.138609172510898,1.0
4.800052164695977,1.350059179259718,1.0
-3.859373567716714,-1.6650760459706175,1.0
1.926248511605498,2.6187744767976824,1.0
-3.3066011626581777,2.1349288023599833,1.0
1.3950532650492713,-7.110750747829717,1.0
-4.394664926287539,5.145661588351752,1.0
4.17338746252965,1.7125227684669853,1.0
1.6526464503105467,5.027872924155359,1.0
0.3900762481849612,-5.453090206656647,1.0
-0.7815851589033385,5.279303319071338,1.0
-3.3199323039777675,-1.1936409674592594,1.0
2.3990054793484203,-4.600891902821329,1.0
-5.052978817487569,-0.8784816434295155,1.0
-0.24910251420604643,5.143369546765843,1.0
5.112209604552585,0.874205021515557,1.0
3.357898938451284,3.3576878130080012,1.0
-3.6585312823203333,-0.7261463671422255,1.0
5.047131345701955,-3.966068236725777,1.0
-0.19407968719052693,-5.414628579076966,1.0
-4.06212420817859,-2.712225233282576,1.0
-5.309934881805676,0.5819573837435988,1.0
-3.2259180650803554,5.493445568389767,1.0
5.4609412767054115,1.434092394626954,1.0
-4.342301735512327,-2.6353900515536086,1.0
2.850793258556923,-3.4897691305500262,1.0
2.4400651542245053,-4.423608479566196,1.0
0.42822250846262655,7.140370926541606,1.0
3.671766278399638,-2.715464879174877,1.0
-3.9488932498757334,3.851645176459185,1.0
-2.1893150844176614,-6.143529542391389,1.0
5.235163406243845,-1.5801973304334198,1.0
6.194642336287433,-2.997658977370088,1.0
-3.6348014546693737,3.950834311413534,1.0
3.0123783417854475,-5.462377337062407,1.0
-1.0050732895213719,-2.9747652689747626,1.0
0.5108231039723565,-4.774714077269315,1.0
-3.4855245987858687,0.26964702165294724,1.0
-1.5236944399414385,-5.814282953628564,1.0
4.498787595394104,-1.69679419416964,1.0
5.7845543269136845,-3.13258421959359,1.0
-4.096764347601389,1.0681412221754054,1.0
0.2564466499290149,-5.126719998266183,1.0
-2.9376704784360044,3.7361570532613873,1.0
-4.519356617896482,2.94926373531156,1.0
-3.516422092503005,-0.29702784001063587,1.0
4.4472893749707385,4.43456360272158,1.0
0.8165176931999693,3.3279355180922714,1.0
4.425617821159865,2.1597613715226713,1.0
-0.8119184546223427,2.8821205792789915,1.0
-2.6168369903460746,-5.693438368434765,1.0
-2.49330333415967,-4.138268671651526,1.0
-1.769608051567753,-4.174322491050798,1.0
-0.2574423783962164,4.52769293614755,1.0
2.3723540745317093,2.819575261607788,1.0
-0.816169034836066,5.991844145028909,1.0
2.012025188834014,-4.976591625046835,1.0
1.495047470995548,4.171583748754341,1.0
1.3138318548431003,-3.3000972599334633,1.0
-4.4974677166404895,-0.5501622572658963,1.0
4.439089796477213,1.0937725716752142,1.0
-2.7408230187808766,4.430800565702815,1.0
-0.3488306170232681,-5.1282274459651385,1.0
-6.670146555861608,1.6817035853886513,1.0
-4.546097138541183,-1.4526130673639157,1.0
-0.8209565187596203,-6.342120215572724,1.0
-5.280771791534278,-3.2054153122067857,1.0
-6.137986658836834,-1.6610477609542762,1.0
3.2732358105190875,3.48106185148841,1.0
-2.3276508087449135,-4.883136321569383,1.0
2.527673799700543,-4.8407406788628355,1.0
-0.5970283720441484,3.723236337147841,1.0
-3.31630799631092,2.263124337216735,1.0
5.2335515484264175,-0.6165170954767719,1.0
1.6902171153976322,4.629733704155836,1.0
-4.453829919916702,-0.31992594639480537,1.0
-5.895658761422963,-1.04182531122308,1.0
5.2129974580684895,0.5600254827651685,1.0
-2.5425180322423686,-4.5856553342409905,1.0
-0.180808887531598,-5.434201668609094,1.0
-3.387820559292671,3.857875359917083,1.0
5.465874193528052,3.57972940209755,1.0
-3.9637183719346973,-1.877831646792317,1.0
0.7525187925567172,3.2931074992959637,1.0
-2.292318532856709,5.302266855025728,1.0
4.80410948806259,3.4983265641381016,1.0
-4.518652976832366,2.2143480328185112,1.0
0.06986299501934531,5.164596531551215,1.0
3.9539269323634914,-0.08896043446521085,1.0
-3.61305194258783,-3.176367428555967,1.0
1.6139844751614951,-3.1993230079491575,1.0
1.8316809970320482,-3.124517793187712,1.0
0.3770617744157872,-4.56808001413658,1.0
-4.13179657659887,-1.8259209662665263,1.0
-5.3019524536438425,1.789768035774766,1.0
-4.262970064656042,0.6701279172836493,1.0
4.116048948719622,2.3792761989712194,1.0
-0.005227841555581647,-4.7723844661007675,1.0
1.8916795787063831,3.287757154533662,1.0
-3.602898890050044,-1.4083399288730403,1.0
0.658322748382765,-2.5814159210073244,1.0
-3.8194378626318994,2.225363611130427,1.0
-4.408365873336945,-2.546968281661086,1.0
2.222981396333824,-4.109497154791852,1.0
2.322173836461554,-4.4334636485262475,1.0
-4.3916163124628715,1.434273592720045,1.0
-4.2928562558902374,-2.7711420870348666,1.0
3.903333536669645,-1.2661669201611985,1.0
3.6852981974172887,-0.6935212562079486,1.0
0.6213158800720289,5.867103079501048,1.0
0.2319725983274552,-5.1615241169955395,1.0
5.424584115543813,-2.1394016077333307,1.0
-4.205082060953875,-0.839088310680777,1.0
3.020808813620399,-3.151937461462978,1.0
-5.487761008585192,4.475866186811018,1.0
-0.8550968915656467,-5.470706119908051,1.0
2.740939505137998,1.6179185841376058,1.0
3.1792923433744225,2.7936517914684447,1.0
5.388402264242827,-2.19124930562673,1.0
-5.238257410624936,-2.060544180891694,1.0
4.124703881713846,1.5179779256769361,1.0
-3.1659210272042997,-3.82507850541125,1.0
3.1948610590973967,4.2746934224196025,1.0
-2.122215969028106,-3.8529999061577387,1.0
5.47680939996591,-2.1730992552895687,1.0
-6.405573478582966,1.7204689478742088,1.0
0.380402568652111,-3.2014506054358844,1.0
0.8697147674076635,4.058654195252055,1.0
2.6472799473031703,-5.32925782215661,1.0
2.7534954156574885,-0.8639655319542797,1.0
1.2962190665327618,4.623331328240423,1.0
-1.4162517453681676,3.6826968813622365,1.0
4.624293872916251,-1.7820332695181593,1.0
-4.092481645180228,1.5804291144793081,1.0
-0.5535890483144332,-6.961996588835051,1.0
0.24723704857412945,3.1875118763769907,1.0
4.395803631235185,2.9439954108212305,1.0
-5.821073795109677,1.9896764989578664,1.0
0.9383884593842968,-3.961301685032057,1.0
-5.046734807769527,0.9836706324281698,1.0
1.1761548396872896,4.786083483582076,1.0
-0.9645013019353019,4.671408952781835,1.0
-4.256410414459117,4.1533837003706005,1.0
4.482196632594296,-1.504065085913299,1.0
0.41172960385566415,-9.865326897369282,0.0
-2.0743966524578923,8.831134111620138,0.0
7.7038192455751,4.928203786213955,0.0
-6.509992243787616,-7.337364158824498,0.0
-0.3988295344735753,8.693978432344595,0.0
0.11079062657663023,-9.946001771015467,0.0
7.121159109333608,-8.319433344740547,0.0
-9.53500448535169,2.376127810973499,0.0
5.047289069512502,8.394698762785804,0.0
8.192761358063834,-7.298346512100017,0.0
8.278812529873836,-4.554775380537915,0.0
-9.16949224351834,-0.6593093809956445,0.0
-9.235936909549304,-1.5054258724200826,0.0
0.24514579849232682,10.16998345301774,0.0
-9.088086968740253,-2.8878364251740574,0.0
-8.706760161324192,-2.393039727103713,0.0
2.1102979404992936,-7.884963799405184,0.0
-10.049448767445416,4.012739729535909,0.0
8.63180350117621,-4.68271202305918,0.0
8.308338713879849,-1.8527983295922692,0.0
-9.471555798731343,0.620543965483763,0.0
2.108262933916746,-10.535711719256506,0.0
-9.36081919342555,-4.587194037413519,0.0
8.68127482318233,4.83777916105441,0.0
-7.689078829057203,7.471061237146069,0.0
7.641291007106262,-7.217540397923754,0.0
6.044341645198629,6.763524482266699,0.0
3.7497004223670767,11.475454742069498,0.0
6.19363325506539,-10.833174677672302,0.0
8.6855977236711,-1.6718870199409328,0.0
9.309511082759824,-5.193423334935977,0.0
8.987920215949446,-3.3883828300511727,0.0
6.2521610415959765,6.0085593881414745,0.0
-9.583496853943632,-0.42504332564040403,0.0
-9.64726785957412,2.233187119663233,0.0
-6.250670918602987,-8.766090699289837,0.0
3.3257279417834167,-10.69899314542088,0.0
4.672411224385765,7.432968514943405,0.0
-2.930386869826699,-9.347152578893585,0.0
-2.6417271945318355,11.429483701655954,0.0
-0.6440330921152113,-10.720053402939635,0.0
2.7824638557873085,-11.467361324021029,0.0
10.151840665837117,-8.178602526206035,0.0
6.600587892503437,-7.186184928666982,0.0
-11.260885943027,-1.545536921781092,0.0
-8.051136851124864,-5.565203701623937,0.0
-9.258428593151134,4.043345168912762,0.0
-6.810884014216134,6.369392890443206,0.0
-5.321746468672503,-7.874452895988453,0.0
-1.945326300800318,9.548840427512914,0.0
-3.17723915266232,-9.795979412472574,0.0
6.449552158635084,-8.881865252015633,0.0
8.556323315484795,1.7616845305804263,0.0
0.4822042194105632,-8.608735247872346,0.0
5.55870953562338,-9.112146708264994,0.0
6.201233235537128,6.729866417366769,0.0
-9.694228284532795,3.503336983143895,0.0
0.7833316536644782,-9.230743248732846,0.0
-8.08968532571786,-6.33333791755187,0.0
-8.838151797604459,6.657730217759023,0.0
-5.36295099534272,8.306484705632187,0.0
-7.790780541174925,-5.803237824143849,0.0
-5.0962314379203395,11.276177943584498,0.0
-7.450373303057361,-8.147809941174502,0.0
5.528083998752733,-9.434015127850998,0.0
-1.569065616419451,10.520084853209196,0.0
10.392247183551213,0.04733102794770844,0.0
9.991489510562305,-0.7206874336560937,0.0
-4.044095222550854,-9.71894800521796,0.0
-2.0448394791416447,-10.035649352790823,0.0
6.033913798512945,-7.087536311970311,0.0
-8.8500292702186,5.57123271604619,0.0
-8.33046205071144,-2.1828440026540146,0.0
-9.18217747802576,0.23691426308131447,0.0
-5.037829023790935,-7.2002626723185905,0.0
-11.07137146109791,3.9665219840441694,0.0
5.7686695532366254,-7.741171308387269,0.0
-1.0826566037952599,-9.531866825445332,0.0
8.83698276134851,-7.040918952093525,0.0
6.037989164786604,-8.100371051575246,0.0
10.219863707215579,-3.192945433972115,0.0
-4.423094195180542,-8.285715597131182,0.0
-9.512241308721341,1.4123866424570557,0.0
8.51861483548184,6.795529475970494,0.0
5.819482371302189,-7.344671160967117,0.0
5.390303204913657,6.416860470090706,0.0
2.7691073959712846,7.879587616534407,0.0
-11.445337338269157,-0.4532026337418488,0.0
7.526744643355425,7.40165720897717,0.0
5.024989405820146,7.2201497996783255,0.0
-4.386288421406008,9.80115410217529,0.0
6.450120237598673,6.546507890910374,0.0
-10.158719532776217,-2.214520710593415,0.0
-7.643145795067209,-6.023986789131158,0.0
-1.437373286510172,-10.878188407967945,0.0
-10.552912278382117,0.36402820329146357,0.0
-9.048465715386875,-4.605281982356477,0.0
-1.896283024178823,-10.437594623261276,0.0
5.766547871298282,8.017472451186269,0.0
-4.012141907484856,-9.173656245543322,0.0
-6.281363679780932,-7.911174386855703,0.0
6.967475984921664,-8.914141748815034,0.0
9.089002944444092,3.451847652643663,0.0
-7.407645368818037,9.2894761022301,0.0
-4.129763959518616,8.354667239716298,0.0
-8.485242467242223,-8.042287764034771,0.0
-11.976531814926268,-0.19399127796781446,0.0
7.417592357132629,6.392562307132332,0.0
6.616704058840893,6.739936186337079,0.0
2.3517672903954954,9.427488114165376,0.0
5.561123801994911,8.31701595434419,0.0
-12.432365434374498,-1.1323941606874577,0.0
6.3149713121608695,-8.02195985066271,0.0
9.642583538183025,6.652427589803099,0.0
5.769237624195346,9.467279895633297,0.0
8.554109915239936,-7.513562769558162,0.0
4.706378231145641,-6.17273844608501,0.0
-8.910653738525566,0.41081310363750845,0.0
-11.310054820945547,-3.963116875551599,0.0
-5.006362278980374,8.596524365600928,0.0
10.33652126853978,-0.2169457079261744,0.0
-5.441027402591737,6.58723818973335,0.0
0.7834370359321742,-11.002883535879452,0.0
-1.007558363204703,-12.185284438743912,0.0
-5.768348754798428,-7.547168192208463,0.0
9.83556240493613,-4.206983619928094,0.0
-0.7960313774439042,11.706369668131613,0.0
3.0783770499604497,10.850298082639855,0.0
9.245576900792761,5.9154596319095365,0.0
-6.191194350742241,-9.356302544334618,0.0
10.085303535792086,-1.3042716128953893,0.0
-6.68925096590186,-7.864236710057794,0.0
1.6778084661103816,-9.550237472427815,0.0
1.5382750521355257,-8.349980697748219,0.0
-9.521977773334743,0.9639380562181336,0.0
-8.955768984836423,-2.4526555416494684,0.0
2.437725184025671,-10.727851751191862,0.0
-10.419391027207995,-3.861745632008223,0.0
8.991518250601038,3.9688124244244842,0.0
-8.55370938741408,0.17030955185558544,0.0
3.5710826771758377,8.8964086780923,0.0
5.169754331536479,-9.611062240375583,0.0
-2.6122828079921305,9.421375935394408,0.0
-3.4936554338098054,10.121973489840297,0.0
1.9727808828557343,-10.599417359147571,0.0
6.309234297198541,-7.71642379511592,0.0
10.73452359336085,-4.445219381237979,0.0
4.491925146426697,-12.529893723094112,0.0
-1.6274521110429638,-10.951511079235846,0.0
-2.183593404226428,9.191706317727803,0.0
-5.902367693996919,7.540580187131152,0.0
-8.499328709776092,6.932948756620452,0.0
4.378928436598993,-7.652472160373725,0.0
-6.66561830828965,9.330052100619255,0.0
4.478653522709857,6.10080467279099,0.0
9.62006202357473,-4.430944470961341,0.0
4.111996468305571,7.734518328188661,0.0
3.4023758226632395,-9.999741873475445,0.0
-3.8032943681944418,10.62708429508625,0.0
6.964570212151742,-6.685129922375235,0.0
-11.207948354251782,4.623808602248111,0.0
-7.064941124061953,-4.360443052990274,0.0
-4.836714931045724,-9.458213590253113,0.0
4.912246195115006,9.238262183465235,0.0
-4.3636079126798695,-8.904089302050558,0.0
8.81985256937851,3.4468344470734134,0.0
8.127314757185601,4.098083211314381,0.0
4.017218278738033,9.841983744125697,0.0
6.025129702073864,-8.270888974824343,0.0
1.4465364755240238,-10.592198146880952,0.0
1.105769288922586,8.579809002372746,0.0
-6.629296081909145,8.74367177030923,0.0
-3.428980553830501,9.3509664008731,0.0
-11.518706489510267,4.465519137744077,0.0
3.3487994104876218,-6.568362802134851,0.0
-6.914824361099126,6.5371077848551895,0.0
5.077941865394445,9.38096631226681,0.0
0.604417181526481,-9.776455678365991,0.0
-8.826580817235183,7.968296074072909,0.0
2.9279204072108347,-10.262326050657093,0.0
4.419634419998768,-7.603967885806284,0.0
6.944134131764003,-7.46219481208618,0.0
0.4950543220535688,-9.740943351273645,0.0
2.4695284585055295,8.237334449224443,0.0
5.2217296517952585,6.411343735262339,0.0
9.263435432773377,-2.2831408268036952,0.0
-7.6187189341976955,-6.574948591989784,0.0
-7.891692044962802,-7.324348835675939,0.0
-2.629611404778174,-10.003498118082573,0.0
8.428872068165065,5.499123799286622,0.0
-7.500767243296374,7.825307823432673,0.0
1.0210415847145213,-8.34358366655119,0.0
-1.9447434133354617,11.693765336018128,0.0
10.157359214076092,-0.7562399683782292,0.0
6.139131270928764,-10.591792427403716,0.0
8.068899884789534,3.0201712145074495,0.0
-1.4126937904066064,-9.627565157670533,0.0
-8.682351139399662,-5.215143082407408,0.0
2.0832184303329826,10.700967428421206,0.0
-8.269986330182771,0.4517014075358183,0.0
-9.983390551078934,5.580954076264115,0.0
7.461266850198176,5.089301176021534,0.0
9.153136816407688,1.0897138971788107,0.0
7.262657768088366,7.434453902372399,0.0
-6.19513169041484,-3.4455943961520137,0.0
9.90435820627814,-0.26851836240474686,0.0
10.765966355580126,1.8189492117067396,0.0
-4.365882680875481,8.146663079995658,0.0
-6.583259217902091,7.985534099324635,0.0
1.9575613821118625,11.052549022990492,0.0
-7.8219385720043055,8.360547283938875,0.0
-7.4060325189774225,-6.316597499601713,0.0
-9.552307606502582,-2.7810375626575867,0.0
10.117123913521747,-0.6590630961837471,0.0
-8.936001339007662,1.033356853525771,0.0
-5.185642419274628,5.49306902974473,0.0
9.733459191681373,2.1740443759100723,0.0
11.01897494552764,2.407695452875488,0.0
6.187380139303945,8.315358217951342,0.0
-6.999010841790984,-4.380098670165659,0.0
9.110343243675208,-0.826311098519463,0.0
-9.155033505984264,-1.664290140388246,0.0
1.6773233070231512,-8.18492889416477,0.0
-5.335390614543566,-7.931353521870312,0.0
-10.379768148514792,1.8808673941542355,0.0
7.430945963861689,3.3187874580967693,0.0
-5.923395592436079,8.457397505749466,0.0
2.562981500496157,9.752026227086084,0.0
2.481196632009201,9.24182202886586,0.0
-4.3700770640454305,-8.863183866748548,0.0
9.431820242678766,-5.542420092949217,0.0
-6.419023850659643,4.246148044201718,0.0
-4.188790606827479,-9.80147828409112,0.0
-5.737353905563292,6.0854474392062405,0.0
3.4740144034307825,-8.364502952160153,0.0
-7.222531028218464,-7.2516569532473,0.0
-8.769698728215719,-2.878054001164567,0.0
4.9747090531424645,9.245773965117786,0.0
-2.21186109873131,10.5118612037968,0.0
-9.793360331451298,1.6820579526830424,0.0
-8.426600300131279,-4.3245911363139244,0.0
3.8331648072774867,-9.260746559172018,0.0
-9.276126850722843,-3.355935059024873,0.0
0.7347280415319394,-9.648024484506426,0.0
0.12352931884578075,-12.157565220597984,0.0
-9.809311638155634,0.4241406324226107,0.0
-7.6357310344872005,4.712428073055283,0.0
2.6060044947158048,-10.909219663512985,0.0
6.713291872768649,8.036525159748784,0.0
6.001681015168611,-6.233905491088546,0.0
-5.955195659599945,7.166248986869778,0.0
9.467069891389809,-2.226085873286256,0.0
7.7966655144108525,-8.072139188802932,0.0
3.2775177486185196,-7.486238337462552,0.0
-10.305898218870077,2.0936062977809264,0.0
9.296079400087699,-4.243352714327369,0.0
4.400235949782036,10.028987768468145,0.0
3.2008336807223676,-9.068787230094559,0.0
-8.206513126477066,5.597322614057761,0.0
-7.044460512663259,-7.924040583246428,0.0
-6.290738739558223,-5.53135179621727,0.0
9.855027612332544,-3.471168161915237,0.0
-0.9682519525158817,9.03549398720852,0.0
9.924212905803657,0.05430062225290103,0.0
6.1799992637074,6.576264186211655,0.0
-6.8464372575164525,-8.215670931052216,0.0
5.453803574350318,-8.97337928320644,0.0
11.715450291683798,1.2078721793524054,0.0
-7.685423111056225,9.469658726469067,0.0
-4.566748398992097,-8.763780689530256,0.0
-9.00178699836089,2.3587769165960175,0.0
9.56681507379642,-0.7690947931714033,0.0
10.129951094446664,-1.8512406367375989,0.0
-1.9569987988258912,9.19566735613704,0.0
-9.219753710774205,1.5505455965274908,0.0
9.524827709210053,-0.22079520364318977,0.0
8.79340153857311,-3.3530465755645884,0.0
10.600444733711042,-4.9048013765923795,0.0
-8.807009544431171,-3.4946243972122355,0.0
-5.974907733916302,-9.849607044376691,0.0
9.72902058187475,3.8490256662371904,0.0
8.884572293396696,-4.069199281462286,0.0
7.723099816587018,-6.834887686115359,0.0
-7.07457035134122,7.09746263573604,0.0
3.7438461192547985,8.876352715185055,0.0
10.474955030011637,3.5578308888925654,0.0
-5.431528506287707,-8.257649488750355,0.0
4.94194573731894,-9.576367488605719,0.0
10.261212590666347,-2.5136054237778676,0.0
-9.90845857027986,2.7233184366564043,0.0
-5.742669462218955,-9.60575728061666,0.0
9.82517845131663,-0.3744378805836205,0.0
6.575759059630376,-4.965122897391339,0.0
-9.085431981294438,5.084128341585527,0.0
4.688711750744412,10.290260598559925,0.0
-7.055655634820934,-5.288568513212618,0.0
-3.774787056565845,-10.855730220687326,0.0
-2.108140092437035,10.600522742386671,0.0
1.2036059050045396,9.291606953761613,0.0
-6.370767808655341,-7.205371289330257,0.0
5.577484907421685,-8.697233276899842,0.0
8.52933618066824,5.748376085834705,0.0
10.118957769828906,2.6339280498492537,0.0
-5.245341373953798,8.681542532725706,0.0
-9.44165398374201,-2.677255853433955,0.0
-8.198243217697467,-6.4664107698247255,0.0
7.094707532304054,7.16723188256635,0.0
2.6191003581777936,-9.694316367040686,0.0
-9.335940722964363,4.465614766588923,0.0
-9.57331451306899,1.84250948254887,0.0
7.974194174208231,7.350189616750839,0.0
7.292734352687816,7.165557050783958,0.0
-3.799617135952904,11.507262350273626,0.0
7.925931179579351,-3.5505152787152823,0.0
5.65218428141956,-7.719255662961914,0.0
0.9942345063071544,-9.491296366499427,0.0
-9.854538661186806,4.063743030032386,0.0
-6.197784324391175,-8.083536521155855,0.0
3.939578824359883,-9.91625115280383,0.0
8.492384263877623,-4.315684359880828,0.0
8.03560328795674,-7.758177885438491,0.0
-9.778266682353587,-6.9121145340464185,0.0
-5.879368467536143,6.839310699080922,0.0
-2.5132074919506504,-10.65916702674695,0.0
-7.782812388583609,-6.716035166733796,0.0
6.447716736175109,-8.658047878321078,0.0
7.358970842501919,-7.143462985796952,0.0
5.996250639823974,-7.094166397420031,0.0
-4.989225316167278,-9.150393064170288,0.0
0.626194650280535,8.54491274396809,0.0
5.867623160033182,8.77188151288985,0.0
-10.453853097736928,-3.551082529000629,0.0
-7.170451011233623,-6.810329161350806,0.0
9.622701482985136,0.1661946715446859,0.0
3.7360154966647463,-8.51120430546122,0.0
-3.754729831371436,-11.127513034587503,0.0
-4.723287356881575,-9.742470124194046,0.0
8.063456536855227,4.182217240332513,0.0
1.0116655190477597,9.312204238916483,0.0
-7.606082245270208,4.873174268896238,0.0
3.695207947501359,-8.457649130660387,0.0
7.740362417215978,-4.630330849754342,0.0
8.65269479415102,4.245178317671307,0.0
-9.193544306930287,-6.488454460908581,0.0
-5.194903938219547,-7.613212836260021,0.0
7.399695225680361,-4.091136968674218,0.0
10.637651996778347,0.6246994288700523,0.0
-7.885517759288258,4.30466194130385,0.0
-3.8403096361968214,-7.667142220203,0.0
9.081008051965204,-0.7959447287381807,0.0
-8.9566507769823,1.011639617859215,0.0
-5.217670775449857,8.522593234983939,0.0
-2.3555967964282627,-8.90554550336815,0.0
7.0692346511921516,6.4171469899418465,0.0
5.422689444969536,-7.643246088600643,0.0
9.595469029242151,6.028518477378111,0.0
-5.773097697120066,8.093930599147559,0.0
4.896440064383,-8.412183192730248,0.0
6.304269744906976,-7.501408942949212,0.0
-3.182687698940306,-10.983083966158876,0.0
-7.016735921386508,3.438035766292147,0.0
-5.670636253829321,-6.329017491670578,0.0
-5.084310465118769,-7.382817055798061,0.0
-6.683261226403482,7.11854333578345,0.0
8.468686789471322,8.307093738679386,0.0
0.710371881722583,-10.334162109878804,0.0
-7.958140981784588,-8.175622341821878,0.0
-9.127801835829164,1.996254170348524,0.0
7.121041384598176,-7.43835765765373,0.0
10.14092190031084,2.3983010553349584,0.0
8.33415291345717,-4.547709558178357,0.0
-1.35442361740821,9.861655941411733,0.0
-10.180166629167758,-0.8740872249082828,0.0
8.939058855420319,-0.6634934456405037,0.0
8.44799589560557,6.550261408319785,0.0
8.980028925682229,-3.774847533890098,0.0
7.168137912476757,6.6005780903899876,0.0
-8.780047275067256,7.762515935572824,0.0
-7.347964233578424,2.7146838284722947,0.0
-0.27348028490634246,11.027295848043385,0.0
7.076419902965824,5.061507461024338,0.0
5.199950335724217,-10.642025050268964,0.0
-7.242905951252539,2.8971961765549525,0.0
-4.42068533179421,8.138097661897957,0.0
4.134048147617143,-10.333704387051025,0.0
-10.690971143490348,-2.479742930517329,0.0
9.95449532773909,1.4662001820057728,0.0
-2.339767166649484,10.697141274734363,0.0
6.818754418618027,-7.275373749364442,0.0
10.963565701367203,-0.4603863669706134,0.0
-6.06631349781475,7.474916403148087,0.0
8.172595595632163,-1.9905074195607806,0.0
-11.281654226591842,-4.00805771436899,0.0
-9.220052817560907,5.260189389497492,0.0
-8.946370080636433,1.032489436773727,0.0
1.588274355579194,-9.48394993425649,0.0
7.909575259355194,-6.9308010620078715,0.0
-4.160640580927327,9.70607363104371,0.0
1.2410962088713677,-10.394250690374895,0.0
6.361086394075259,9.309859457749074,0.0
10.15465653787321,-5.957168566706691,0.0
2.386859849781533,-10.247020803830436,0.0
-6.477626126858049,-7.356192215809923,0.0
11.742368595218212,1.3850633515576325,0.0
5.485393997691054,9.270791911461208,0.0
-10.341266377817199,-6.221888538770343,0.0
6.401240803015805,-6.0717995529409565,0.0
-9.715465525724344,2.2031468452052567,0.0
-8.939986550945427,2.199998384018346,0.0
-5.785062503001572,-9.374480720944083,0.0
-10.575255960738838,3.6943745814741513,0.0
-9.318534126470826,0.591030054195898,0.0
7.866321963690187,-5.123870697217502,0.0
8.610961532222971,-1.0989163151645234,0.0
-1.0738191724151611,-10.088150533687726,0.0
-9.577210546596918,4.163457293234761,0.0
8.554371799125002,6.585043733386185,0.0
10.22997319407901,-2.7983959416322244,0.0
-7.706139349828602,-7.0831541662408055,0.0
5.299185553290227,9.576766221564547,0.0
-6.020507615157531,-9.007776651186523,0.0
-4.592944758405532,-7.208606644108832,0.0
4.829290409097409,10.13636992993045,0.0
-9.635992842412614,-0.36517951603093657,0.0
1.4198180752627934,-8.479549470116298,0.0
10.652322244148975,5.690035785917189,0.0
6.722935206968698,7.23665239493046,0.0
8.322318920338406,4.127516405389017,0.0
5.680815591349332,10.024413712816392,0.0
0.6161093682481603,-8.562820793371905,0.0
-2.3276592434772376,9.257474368167623,0.0
8.500866977451965,2.5570110902079692,0.0
-8.280202182403835,-1.534713917614312,0.0
-11.986300898104922,0.8334797633165505,0.0
-4.2002400892192755,9.49536794788147,0.0
1.1185540217689731,-9.967732512466043,0.0
10.901537347531924,-1.9807007395110796,0.0
3.766910701854442,7.31741442873944,0.0
0.3128327461638459,8.973211809633993,0.0
-7.705867226507699,-5.094925783264977,0.0
-6.174447978499227,5.809910528281833,0.0
8.937381836113412,0.6458377732712357,0.0
6.538946288035157,-9.753935294452626,0.0
-9.603510383753695,1.6770119387845817,0.0
0.88057986313097,9.112429184575415,0.0
8.218430571369128,-5.460439663484826,0.0
-3.381107132089277,8.480071479742511,0.0
-2.037268859199961,-9.567160645943485,0.0
-9.64328271071872,-4.5423808458314605,0.0
-1.6811604568458367,11.451646262792794,0.0
7.627233236459957,6.057509758872166,0.0
-0.27892265266435906,10.351299155506268,0.0
6.57248301847131,6.830176826410606,0.0
-10.582712157642714,3.2641754211329,0.0
-7.52677826254757,-10.075153443049334,0.0
-8.790836353685203,2.6717832822296237,0.0
7.3090977420199525,7.170374546314469,0.0
-8.6044285339959,6.387536651900277,0.0
-9.012668353156371,0.10333415299791956,0.0
8.570392676507822,-4.516626932416047,0.0
6.441780380676435,5.635818612527004,0.0
-5.2349207772267095,-5.539400554699849,0.0
0.31431147416723687,9.632669620310363,0.0
2.178921659050147,-10.527378191302944,0.0
-6.73130212259443,-3.5122219664429433,0.0
-8.285858782260052,4.071363336197258,0.0
2.7031217682312185,9.29440319926448,0.0
9.98299482557554,0.29214870976848784,0.0
-1.335901439834821,8.423061549235326,0.0
7.674769534352355,5.245648062689857,0.0
5.660332100486029,8.802105786046342,0.0
10.417995353969976,-3.1170067360015357,0.0
10.150216673856614,-6.925368437828754,0.0
-5.233420468540817,-8.506604934148253,0.0
4.782587974570182,-7.9234868002550325,0.0
3.4603460536169717,-8.525541553368768,0.0
-7.977079910782417,-2.934804719969061,0.0
-10.086115582562797,0.7933968929089561,0.0
9.630470593759526,2.45295390667359,0.0
11.034431742601871,-0.7737787170773273,0.0
-1.1546673541357548,9.05561607201008,0.0
-1.949312252916629,9.16386017080629,0.0
2.4013985435196203,9.836641925043159,0.0
-2.1965253599293924,10.209714598359339,0.0
9.064188700712988,0.07113203899144735,0.0
8.111522788361832,-4.10668878548001,0.0
2.7276648462725923,8.734726274988068,0.0
3.332561707276846,9.484516393464421,0.0
-8.929826145760256,3.214238878638497,0.0
-9.063164073756397,-6.164228208890815,0.0
5.116903382097755,9.668363260582414,0.0
3.116376824662318,-9.281701409033197,0.0
0.9879993996490773,-10.022264125174138,0.0
6.830349609030249,9.64562141463343,0.0
-10.016360202137022,-1.1036409473404947,0.0
3.8711108127901097,10.345303102872256,0.0
-7.620089302264515,-7.096427175875689,0.0
-7.090662301238648,-5.768596234203178,0.0
-9.06553077207208,-1.8736960960962736,0.0
-6.5897978846931835,9.523356132865908,0.0
